DROP DATABASE IF EXISTS Voting_Manager ;
CREATE DATABASE Voting_Manager;
USE Voting_Manager;

-- Script to Create Necessary Tables and Populate them with Realistic Data

CREATE TABLE Admin (
  Admin_ID INT PRIMARY KEY AUTO_INCREMENT,
  Password VARCHAR(50),
  Name VARCHAR(100),
  Email VARCHAR(100),
  Address VARCHAR(200),
  Phone_Number CHAR(10),
  DOB DATE
);

INSERT INTO Admin (Admin_ID, Password, Name, Email, Address, Phone_Number, DOB) VALUES
(1, 'apassword1', 'Amit Sharma', 'amit.sharma@example.com', '123, Main Road, Mumbai - 400001', '9117508697','1985-06-12'),
(2, 'apassword2', 'Neha Singh', 'neha.singh@example.com', '234, Park Street, Delhi - 110001','9369250349', '1990-11-30'),
(3, 'apassword3', 'Rajesh Kumar', 'rajesh.kumar@example.com', '456, Gandhi Road, Kolkata - 700001', '9554159978','1982-03-15'),
(4, 'apassword4', 'Priya Patel', 'priya.patel@example.com', '789, MG Road, Bangalore - 560001', '9992575809','1989-09-22'),
(5, 'apassword5', 'Amitabh Gupta', 'amitabh.gupta@example.com', '987, Civil Lines, Jaipur - 302001','9879422555', '1987-04-19'),
(6, 'apassword6', 'Sudhir Kumar', 'sudhir.kumar@example.com', '654, Ring Road, Lucknow - 226001', '9785367710','1992-01-03'),
(7, 'apassword7', 'Kavita Reddy', 'kavita.reddy@example.com', '321, Hitech City, Hyderabad - 500081', '9150355608','1984-08-29'),
(8, 'apassword8', 'Sanjay Gupta', 'sanjay.gupta@example.com', '567, Marine Drive, Mumbai - 400005', '9000531067','1991-05-20'),
(9, 'apassword9', 'Meera Shah', 'meera.shah@example.com', '890, Main Bazar, Ahmedabad - 380001', '9181947947','1983-12-06'),
(10, 'apassword10', 'Rakesh Singh', 'rakesh.singh@example.com', '123, New Colony, Patna - 800001', '9385857457','1986-07-23');

-- Create Candidate table
CREATE TABLE Candidate (
  Candidate_ID INT PRIMARY KEY AUTO_INCREMENT,
  Name VARCHAR(100),
  DOB DATE,
  Age INT,
  Party_Name VARCHAR(50),
  Admin_ID INT,
  FOREIGN KEY (Admin_ID) REFERENCES Admin(Admin_ID) ON DELETE CASCADE
);

INSERT INTO Candidate (Candidate_ID, Name, DOB, Age, Party_Name,Admin_ID)
VALUES
  (1, 'Rahul Sharma', '1990-03-14', 31,'National Unity Party',3),
  (2, 'Kirti Singh', '1995-12-23', 26,'Progressive Alliance Party', 4),
  (3, 'Anjali Patel', '1992-07-11', 29,'New Horizon Party', 9),
  (4, 'Manish Gupta', '1991-01-27', 30,'Progressive Alliance Party', 2),
  (5, 'Shikha Shah', '1998-05-18', 23,'National Unity Party', 1),
  (6, 'Amit Verma', '1993-09-02', 28,'People\'s Movement for Justice', 3),
  (7, 'Riya Sharma', '1997-12-08', 24,'Democratic Action League', 7),
  (8, 'Nitin Jain', '1994-02-10', 27,'New Horizon Party', 3),
  (9, 'Priya Khanna', '1996-06-19', 25,'National Unity Party', 1),
  (10, 'Kunal Malhotra', '1999-11-05', 22,'People\'s Movement for Justice', 3),
  (11, 'Saurabh Agarwal', '1990-08-31', 31,'Democratic Action League', 2),
  (12, 'Neha Sharma', '1993-04-25', 28,'New Horizon Party', 4),
  (13, 'Rajiv Kumar', '1991-03-02', 30,'National Unity Party', 8),
  (14, 'Aakriti Singh', '1995-10-20', 26,'People\'s Movement for Justice', 3),
  (15, 'Varun Bhatia', '1992-05-14', 29,'Liberty and Equality Party', 8),
  (16, 'Preeti Chopra', '1997-09-03', 24,'National Unity Party', 1),
  (17, 'Nikhil Verma', '1994-01-01', 27,'New Horizon Party', 9),
  (18, 'Monika Yadav', '1996-08-12', 25,'Liberty and Equality Party', 3),
  (19, 'Gaurav Gupta', '1999-04-04', 22,'Progressive Alliance Party', 2),
  (20, 'Sarika Pandey', '1998-11-09', 23,'Liberty and Equality Party', 7);
  
  CREATE TABLE Election (
    Election_ID INT PRIMARY KEY AUTO_INCREMENT,
    Election_Start_Date DATE,
    Election_End_Date DATE,
    Election_Title VARCHAR(50),
    Admin_ID INT,
    FOREIGN KEY (Admin_ID) REFERENCES Admin(Admin_ID) ON DELETE CASCADE
);

INSERT INTO Election (Election_ID, Election_Start_Date, Election_End_Date, Election_Title, Admin_ID) 
VALUES 
(1, '2023-04-08', '2023-04-10', 'Local Body Elections', 3),
(2, '2023-04-11', '2023-04-15', 'State Assembly Elections', 1),
(3, '2023-05-01', '2023-05-03', 'Municipal Corporation Elections', 6),
(4, '2023-05-10', '2023-05-12', 'Gram Panchayat Elections', 8),
(5, '2023-06-01', '2023-06-03', 'Zilla Parishad Elections', 2),
(6, '2023-06-10', '2023-06-12', 'General Elections', 9),
(7, '2023-07-01', '2023-07-03', 'By-Elections', 4),
(8, '2023-08-01', '2023-08-03', 'Student Union Elections', 7),
(9, '2023-09-01', '2023-09-03', 'Trade Union Elections', 5),
(10, '2023-10-01', '2023-10-03', 'Cooperative Society Elections', 10);

CREATE TABLE Stands_For (
    Candidate_ID INT,
    Election_ID INT,
    PRIMARY KEY (Candidate_ID, Election_ID),
    FOREIGN KEY (Candidate_ID) REFERENCES Candidate(Candidate_ID) ON DELETE CASCADE,
    FOREIGN KEY (Election_ID) REFERENCES Election(Election_ID) ON DELETE CASCADE
);

INSERT INTO Stands_For (Candidate_ID, Election_ID) VALUES
    (1, 1), (15, 2), (1, 3), (1, 4), (19, 5),
    (18, 1), (17, 2), (2, 3), (2, 5), (2, 7),
    (12, 1), (3, 4), (20, 6), (3, 7), (3, 8),
    (4, 2), (4, 3), (13, 5), (4, 7), (14, 9),
    (5, 1), (12, 3), (5, 4), (16, 6), (20, 8),
    (6, 2), (6, 5), (6, 7), (6, 8), (15, 10),
    (7, 1), (7, 2), (20, 4), (7, 6), (7, 9),
    (13, 3), (15, 5), (8, 7), (8, 8), (11, 10),
    (9, 2), (16, 4), (9, 6), (12, 8), (9, 10),
    (11, 1), (10, 3), (10, 5), (13, 7), (11, 9);
    
CREATE TABLE Voter (
    Voter_ID INT PRIMARY KEY AUTO_INCREMENT,
    Password VARCHAR(50),
    Name VARCHAR(50),
    Email VARCHAR(50),
    Address VARCHAR(100),
    Phone_Number CHAR(10),
    DateOfBirth DATE
);

INSERT INTO Voter VALUES 
(1, 'password1', 'Amit Singh', 'amit.singh@example.com', '34/25, Shyam Nagar, 201001', '9767901970','1990-01-01'),
(2, 'password2', 'Nisha Sharma', 'nisha.sharma@example.com', 'D-16, Gali No. 5, 110059', '9818182767','1985-02-15'),
(3, 'password3', 'Rajesh Kumar', 'rajesh.kumar@example.com', '4/311, Lajpat Nagar, 244001', '9193805501','1988-07-03'),
(4, 'password4', 'Priya Gupta', 'priya.gupta@example.com', 'ABC Colony, Sector 3, 122001', '9270561241','1995-04-22'),
(5, 'password5', 'Alok Mishra', 'alok.mishra@example.com', '201/19, Shastri Nagar, 110052','9945749907', '1992-09-11'),
(6, 'password6', 'Seema Singh', 'seema.singh@example.com', 'Plot No. 6, Sector 6, 201005', '9635674287','1986-06-21'),
(7, 'password7', 'Vijay Kumar', 'vijay.kumar@example.com', '22, Nehru Nagar, 110065', '9302749122','1997-12-08'),
(8, 'password8', 'Rajeev Gupta', 'rajeev.gupta@example.com', '57, Krishna Nagar, 110051', '9688772466','1991-05-30'),
(9, 'password9', 'Neha Sharma', 'neha.sharma@example.com', '10, Civil Lines, 201301','9235599035', '1989-03-19'),
(10, 'password10', 'Sanjay Patel', 'sanjay.patel@example.com', '16/121, Indira Nagar, 221005','9724193662', '1994-11-02'),
(11, 'password11', 'Anjali Verma', 'anjali.verma@example.com', 'E-1/57, Krishna Nagar, 110051','9189790671', '1987-08-14'),
(12, 'password12', 'Vivek Singh', 'vivek.singh@example.com', 'B-125, Sector 51, 201303','9307086393', '1993-12-24'),
(13, 'password13', 'Manisha Gupta', 'manisha.gupta@example.com', '1/154, South Extension, 110049','9632257640', '1990-02-11'),
(14, 'password14', 'Suresh Kumar', 'suresh.kumar@example.com', 'A-35, Shalimar Garden, 201005','9198325926', '1988-06-04'),
(15, 'password15', 'Kavita Yadav', 'kavita.yadav@example.com', 'D-9/28, Rohini, 110085', '9444605974','1996-09-25');

CREATE TABLE Vote (
    Vote_ID INT PRIMARY KEY AUTO_INCREMENT,
    Voter_ID INT,
    Candidate_ID INT,
    Election_ID INT,
    FOREIGN KEY (Voter_ID) REFERENCES Voter (Voter_ID) ON DELETE CASCADE,
    FOREIGN KEY (Candidate_ID) REFERENCES Candidate (Candidate_ID) ON DELETE CASCADE,
    FOREIGN KEY (Election_ID) REFERENCES Election (Election_ID) ON DELETE CASCADE
);

INSERT INTO Vote VALUES
(1, 11, 2, 5),
(4, 5, 16, 4),
(5, 14, 16, 6),
(6, 6, 5, 4),
(7, 7, 10, 3),
(8, 13, 3, 7),
(9, 6, 10, 3),
(10, 6, 12, 8),
(11, 7, 8, 8),
(12, 4, 13, 5),
(13, 11, 12, 8),
(14, 7, 2, 3),
(15, 6, 6, 7),
(16, 11, 12, 1),
(17, 8, 8, 7),
(18, 8, 5, 4),
(19, 12, 4, 3),
(20, 3, 3, 8),
(21, 5, 7, 6),
(22, 11, 6, 5),
(23, 1, 10, 5),
(24, 9, 7, 6),
(25, 1, 13, 5),
(26, 12, 10, 3),
(27, 12, 18, 1),
(28, 9, 2, 3),
(29, 12, 2, 5),
(30, 10, 8, 8),
(31, 6, 6, 8),
(32, 8, 6, 5),
(33, 9, 1, 3),
(34, 1, 6, 7),
(35, 8, 6, 8),
(36, 6, 1, 1),
(37, 12, 3, 8),
(38, 14, 1, 1),
(39, 14, 12, 8),
(41, 12, 16, 4),
(42, 5, 4, 3),
(43, 10, 12, 8),
(44, 6, 16, 6),
(45, 11, 16, 6),
(46, 5, 3, 8),
(47, 9, 18, 1),
(48, 14, 11, 1),
(49, 6, 6, 5),
(50, 8, 3, 4),
(51, 11, 12, 3),
(52, 10, 13, 5),
(53, 12, 7, 6),
(54, 13, 10, 3),
(55, 8, 2, 3),
(58, 5, 16, 6),
(59, 3, 18, 1),
(60, 12, 8, 8),
(62, 3, 13, 3),
(63, 5, 2, 7),
(64, 3, 7, 6),
(65, 1, 18, 1),
(66, 5, 11, 1),
(67, 4, 10, 3),
(68, 2, 3, 8),
(70, 5, 19, 5),
(71, 13, 18, 1),
(72, 4, 5, 4),
(73, 7, 12, 1),
(74, 5, 3, 4),
(75, 6, 8, 7),
(77, 1, 16, 4),
(78, 6, 1, 3),
(79, 14, 7, 6),
(80, 10, 7, 9),
(81, 6, 1, 4),
(84, 8, 10, 5),
(85, 11, 1, 1),
(86, 12, 7, 9),
(87, 4, 18, 1),
(88, 13, 1, 3),
(89, 9, 12, 1),
(91, 4, 8, 8),
(92, 12, 14, 9),
(93, 7, 12, 8),
(94, 7, 4, 7),
(95, 11, 1, 3),
(96, 1, 14, 9),
(98, 7, 1, 4),
(99, 3, 4, 3),
(100, 13, 6, 7),
(101, 12, 6, 7),
(102, 8, 16, 4),
(103, 4, 7, 9),
(104, 8, 12, 1),
(105, 10, 10, 5),
(106, 11, 7, 1),
(107, 10, 7, 1),
(108, 5, 7, 1),
(109, 4, 3, 7),
(110, 7, 3, 4),
(112, 11, 8, 7),
(113, 9, 9, 6),
(114, 3, 6, 8),
(115, 11, 5, 4),
(116, 9, 6, 5),
(117, 7, 10, 5),
(118, 3, 11, 1),
(119, 9, 15, 5),
(120, 1, 15, 5),
(121, 1, 13, 7),
(122, 5, 4, 7),
(123, 2, 8, 7),
(124, 11, 3, 7),
(125, 5, 13, 3),
(126, 2, 4, 7),
(127, 14, 11, 9),
(128, 5, 1, 3),
(129, 6, 16, 4),
(130, 1, 4, 7),
(132, 4, 1, 1),
(133, 13, 15, 5),
(134, 7, 14, 9),
(135, 1, 7, 9),
(136, 7, 2, 5),
(137, 11, 6, 7),
(140, 11, 2, 3),
(142, 14, 10, 5),
(143, 13, 12, 3),
(144, 9, 14, 9),
(145, 5, 12, 8),
(146, 2, 3, 4),
(147, 10, 13, 7),
(148, 11, 7, 6),
(149, 10, 4, 3),
(150, 11, 9, 6),
(151, 3, 8, 7),
(153, 6, 12, 1),
(154, 1, 12, 1),
(155, 8, 10, 3),
(156, 9, 2, 7),
(157, 14, 4, 3),
(158, 6, 7, 6),
(159, 1, 2, 5),
(161, 13, 7, 6),
(163, 12, 9, 6),
(164, 3, 16, 4),
(165, 4, 12, 8),
(166, 10, 3, 7),
(168, 4, 9, 6),
(169, 7, 9, 6),
(170, 7, 2, 7),
(171, 6, 4, 3),
(172, 5, 11, 9),
(174, 11, 13, 7),
(175, 3, 1, 3),
(176, 1, 13, 3),
(177, 10, 16, 4),
(180, 2, 7, 1),
(181, 7, 6, 5),
(183, 13, 3, 4),
(184, 13, 19, 5),
(186, 4, 12, 3),
(187, 2, 16, 6),
(189, 5, 10, 3),
(190, 5, 13, 5),
(191, 12, 11, 1),
(192, 6, 15, 5),
(194, 1, 6, 8),
(195, 7, 19, 5),
(197, 2, 1, 3),
(198, 2, 14, 9),
(199, 2, 13, 7),
(200, 8, 3, 8);


